"Frequency(Hz)","Return Loss(dB)","±Phase(deg)"
21000000.000,10.293,91.790
21014262.000,10.401,90.865
21028524.000,10.461,89.964
21042786.000,10.526,88.891
21057048.000,10.555,88.286
21071310.000,10.620,87.257
21085572.000,10.715,86.703
21099834.000,10.758,85.487
21114096.000,10.875,84.676
21128358.000,10.912,83.784
21142620.000,10.979,82.788
21156882.000,11.029,82.114
21171144.000,11.096,80.853
21185406.000,11.152,80.249
21199668.000,11.213,79.162
21213930.000,11.286,78.319
21228192.000,11.326,77.474
21242454.000,11.415,76.409
21256716.000,11.451,75.596
21270978.000,11.488,74.391
21285240.000,11.557,73.811
21299502.000,11.619,72.520
21313764.000,11.660,71.796
21328026.000,11.758,70.864
21342288.000,11.786,69.789
21356550.000,11.850,68.768
21370812.000,11.911,67.761
21385074.000,11.940,66.819
21399336.000,12.006,65.664
21413598.000,12.009,64.952
21427860.000,12.148,63.698
21442122.000,12.150,62.780
21456384.000,12.218,61.693
21470646.000,12.286,60.438
21484908.000,12.307,59.473
21499170.000,12.375,58.188
21513432.000,12.411,57.344
21527694.000,12.473,55.965
21541956.000,12.526,55.394
21556218.000,12.565,54.068
21570480.000,12.657,52.853
21584742.000,12.683,51.761
21599004.000,12.751,50.501
21613266.000,12.769,49.525
21627528.000,12.813,48.278
21641790.000,12.862,47.406
21656052.000,12.905,45.900
21670314.000,12.960,45.220
21684576.000,12.975,43.767
21698838.000,13.085,42.862
21713100.000,13.090,41.456
21727362.000,13.096,40.367
21741624.000,13.162,39.256
21755886.000,13.160,37.964
21770148.000,13.263,37.113
21784410.000,13.311,35.684
21798672.000,13.321,34.896
21812934.000,13.332,33.662
21827196.000,13.431,32.315
21841458.000,13.415,31.138
21855720.000,13.460,30.124
21869982.000,13.503,28.998
21884244.000,13.526,27.704
21898506.000,13.543,26.756
21912768.000,13.561,25.436
21927030.000,13.588,24.421
21941292.000,13.634,23.403
21955554.000,13.674,22.045
21969816.000,13.703,21.084
21984078.000,13.697,19.638
21998340.000,13.810,18.765
22012602.000,13.748,17.509
22026864.000,13.807,16.619
22041126.000,13.818,15.351
22055388.000,13.870,14.245
22069650.000,13.902,13.139
22083912.000,13.940,12.033
22098174.000,13.985,10.988
22112436.000,13.993,10.129
22126698.000,14.058,8.862
22140960.000,14.049,7.807
22155222.000,14.131,6.548
22169484.000,14.111,5.448
22183746.000,14.154,4.327
22198008.000,14.176,3.274
22212270.000,14.195,2.129
22226532.000,14.235,0.943
22240794.000,14.265,-0.147
22255056.000,14.341,-1.065
22269318.000,14.351,-2.222
22283580.000,14.388,-3.436
22297842.000,14.383,-4.519
22312104.000,14.466,-5.770
22326366.000,14.490,-6.559
22340628.000,14.492,-7.994
22354890.000,14.589,-9.017
22369152.000,14.553,-9.819
22383414.000,14.634,-10.598
22397676.000,14.639,-12.158
22411938.000,14.682,-12.772
22426200.000,14.694,-14.468
22440462.000,14.793,-15.278
22454724.000,14.822,-16.144
22468986.000,14.820,-17.381
22483248.000,14.880,-18.225
22497510.000,14.915,-19.359
22511772.000,14.980,-20.739
22526034.000,15.007,-21.673
22540296.000,15.035,-22.727
22554558.000,15.086,-23.514
22568820.000,15.088,-24.436
22583082.000,15.149,-25.488
22597344.000,15.182,-26.630
22611606.000,15.236,-27.609
22625868.000,15.289,-28.949
22640130.000,15.335,-29.507
22654392.000,15.372,-30.445
22668654.000,15.389,-31.470
22682916.000,15.427,-32.604
22697178.000,15.491,-33.776
22711440.000,15.481,-34.531
22725702.000,15.554,-35.453
22739964.000,15.535,-36.504
22754226.000,15.632,-37.384
22768488.000,15.669,-38.189
22782750.000,15.664,-39.191
22797012.000,15.721,-40.211
22811274.000,15.758,-41.032
22825536.000,15.837,-42.180
22839798.000,15.784,-42.985
22854060.000,15.855,-43.766
22868322.000,15.860,-44.796
22882584.000,15.885,-45.732
22896846.000,15.948,-46.568
22911108.000,15.939,-47.584
22925370.000,16.009,-48.170
22939632.000,16.012,-49.317
22953894.000,16.068,-50.024
22968156.000,16.100,-50.971
22982418.000,16.103,-51.917
22996680.000,16.129,-53.379
23010942.000,16.159,-53.684
23025204.000,16.195,-54.697
23039466.000,16.213,-55.321
23053728.000,16.237,-56.301
23067990.000,16.326,-57.173
23082252.000,16.335,-58.175
23096514.000,16.318,-58.938
23110776.000,16.365,-59.693
23125038.000,16.416,-60.667
23139300.000,16.463,-61.481
23153562.000,16.514,-62.187
23167824.000,16.516,-63.172
23182086.000,16.553,-64.226
23196348.000,16.564,-65.056
23210610.000,16.597,-65.664
23224872.000,16.617,-66.985
23239134.000,16.638,-68.161
23253396.000,16.713,-68.591
23267658.000,16.803,-69.651
23281920.000,16.786,-70.517
23296182.000,16.808,-71.781
23310444.000,16.844,-72.365
23324706.000,16.902,-73.785
23338968.000,16.955,-74.736
23353230.000,16.955,-75.357
23367492.000,16.994,-76.606
23381754.000,17.037,-77.430
23396016.000,17.110,-78.443
23410278.000,17.159,-79.519
23424540.000,17.200,-80.789
23438802.000,17.235,-81.764
23453064.000,17.250,-82.777
23467326.000,17.315,-83.537
23481588.000,17.356,-84.473
23495850.000,17.361,-85.674
23510112.000,17.407,-86.736
23524374.000,17.499,-87.393
23538636.000,17.582,-88.647
23552898.000,17.519,-89.609
23567160.000,17.595,-90.887
23581422.000,17.621,-91.984
23595684.000,17.703,-92.697
23609946.000,17.675,-93.782
23624208.000,17.753,-94.579
23638470.000,17.773,-95.869
23652732.000,17.839,-96.961
23666994.000,17.865,-97.751
23681256.000,17.923,-99.257
23695518.000,17.906,-99.966
23709780.000,17.980,-101.327
23724042.000,18.000,-102.453
23738304.000,18.053,-103.508
23752566.000,18.025,-104.539
23766828.000,18.159,-105.619
23781090.000,18.149,-106.670
23795352.000,18.173,-107.674
23809614.000,18.230,-108.722
23823876.000,18.228,-110.073
23838138.000,18.333,-110.400
23852400.000,18.294,-111.831
23866662.000,18.346,-113.273
23880924.000,18.356,-113.810
23895186.000,18.401,-115.219
23909448.000,18.484,-116.331
23923710.000,18.444,-117.375
23937972.000,18.512,-118.106
23952234.000,18.524,-119.795
23966496.000,18.556,-120.515
23980758.000,18.583,-121.362
23995020.000,18.641,-122.397
24009282.000,18.667,-123.648
24023544.000,18.722,-124.938
24037806.000,18.777,-125.217
24052068.000,18.760,-126.662
24066330.000,18.947,-127.395
24080592.000,18.792,-128.884
24094854.000,18.823,-129.599
24109116.000,18.920,-130.839
24123378.000,18.922,-132.023
24137640.000,18.902,-132.623
24151902.000,18.941,-134.023
24166164.000,18.971,-135.247
24180426.000,19.006,-135.940
24194688.000,19.076,-136.828
24208950.000,19.114,-137.931
24223212.000,19.059,-139.085
24237474.000,19.173,-139.895
24251736.000,19.211,-141.089
24265998.000,19.134,-142.000
24280260.000,19.253,-143.084
24294522.000,19.244,-143.999
24308784.000,19.268,-145.582
24323046.000,19.320,-146.277
24337308.000,19.291,-147.587
24351570.000,19.389,-148.989
24365832.000,19.408,-149.368
24380094.000,19.395,-151.081
24394356.000,19.472,-151.717
24408618.000,19.488,-153.293
24422880.000,19.545,-155.009
24437142.000,19.463,-155.525
24451404.000,19.463,-156.778
24465666.000,19.581,-157.575
24479928.000,19.602,-159.295
24494190.000,19.556,-159.988
24508452.000,19.690,-161.548
24522714.000,19.702,-162.546
24536976.000,19.718,-163.613
24551238.000,19.696,-165.364
24565500.000,19.785,-166.570
24579762.000,19.756,-167.827
24594024.000,19.850,-168.808
24608286.000,19.871,-170.319
24622548.000,19.910,-171.674
24636810.000,19.945,-172.783
24651072.000,19.908,-174.353
24665334.000,19.933,-175.564
24679596.000,20.000,-177.408
24693858.000,19.942,-178.000
24708120.000,20.039,-179.654
24722382.000,20.062,179.325
24736644.000,20.110,178.100
24750906.000,20.156,176.163
24765168.000,20.150,175.224
24779430.000,20.239,173.956
24793692.000,20.177,172.677
24807954.000,20.257,171.206
24822216.000,20.242,170.614
24836478.000,20.286,168.635
24850740.000,20.298,167.000
24865002.000,20.309,166.727
24879264.000,20.407,165.048
24893526.000,20.413,163.899
24907788.000,20.507,162.558
24922050.000,20.443,160.943
24936312.000,20.586,160.556
24950574.000,20.599,159.158
24964836.000,20.601,157.297
24979098.000,20.618,156.792
24993360.000,20.711,155.734
25007622.000,20.719,154.496
25021884.000,20.766,153.730
25036146.000,20.763,151.903
25050408.000,20.885,150.121
25064670.000,20.914,150.130
25078932.000,20.919,148.911
25093194.000,21.045,147.392
25107456.000,21.015,146.199
25121718.000,21.030,145.243
25135980.000,21.126,144.172
25150242.000,21.173,142.940
25164504.000,21.209,141.825
25178766.000,21.354,141.158
25193028.000,21.336,140.427
25207290.000,21.391,139.320
25221552.000,21.367,138.017
25235814.000,21.527,137.241
25250076.000,21.456,135.512
25264338.000,21.629,134.559
25278600.000,21.763,134.141
25292862.000,21.737,133.493
25307124.000,21.863,132.428
25321386.000,21.759,131.566
25335648.000,21.887,130.539
25349910.000,21.875,129.635
25364172.000,21.939,127.978
25378434.000,21.969,127.410
25392696.000,22.079,126.837
25406958.000,22.090,126.005
25421220.000,22.159,124.800
25435482.000,22.202,124.230
25449744.000,22.237,123.521
25464006.000,22.203,123.067
25478268.000,22.232,121.815
25492530.000,22.363,120.917
25506792.000,22.388,119.907
25521054.000,22.389,119.049
25535316.000,22.355,118.909
25549578.000,22.308,117.672
25563840.000,22.402,117.100
25578102.000,22.440,116.179
25592364.000,22.507,116.264
25606626.000,22.326,115.608
25620888.000,22.504,113.740
25635150.000,22.318,113.437
25649412.000,22.387,112.178
25663674.000,22.418,111.626
25677936.000,22.364,110.165
25692198.000,22.477,109.614
25706460.000,22.448,109.561
25720722.000,22.476,108.666
25734984.000,22.529,107.936
25749246.000,22.219,106.685
25763508.000,22.482,106.601
25777770.000,22.413,105.738
25792032.000,22.434,104.624
25806294.000,22.554,104.272
25820556.000,22.463,103.297
25834818.000,22.364,102.484
25849080.000,22.370,101.678
25863342.000,22.424,101.199
25877604.000,22.322,100.286
25891866.000,22.439,99.509
25906128.000,22.394,99.372
25920390.000,22.459,98.695
25934652.000,22.356,98.292
25948914.000,22.282,97.173
25963176.000,22.389,96.208
25977438.000,22.317,95.821
25991700.000,22.309,95.344
26005962.000,22.386,94.476
26020224.000,22.358,93.889
26034486.000,22.238,93.659
26048748.000,22.317,93.156
26063010.000,22.302,92.576
26077272.000,22.227,91.448
26091534.000,22.338,91.050
26105796.000,22.191,89.982
26120058.000,22.322,89.870
26134320.000,22.317,89.326
26148582.000,22.329,89.290
26162844.000,22.353,88.573
26177106.000,22.438,87.146
26191368.000,22.298,86.214
26205630.000,22.392,86.032
26219892.000,22.367,85.481
26234154.000,22.432,85.126
26248416.000,22.355,84.243
26262678.000,22.360,83.786
26276940.000,22.524,83.062
26291202.000,22.525,82.765
26305464.000,22.655,82.239
26319726.000,22.490,81.960
26333988.000,22.649,81.098
26348250.000,22.562,81.086
26362512.000,22.711,80.085
26376774.000,22.665,79.968
26391036.000,22.754,79.165
26405298.000,22.741,78.752
26419560.000,22.763,78.141
26433822.000,22.837,77.890
26448084.000,22.922,76.888
26462346.000,22.962,77.529
26476608.000,23.005,77.094
26490870.000,22.976,76.453
26505132.000,23.025,76.114
26519394.000,23.042,75.650
26533656.000,23.088,75.452
26547918.000,23.137,75.170
26562180.000,23.153,75.188
26576442.000,23.237,74.699
26590704.000,23.208,73.807
26604966.000,23.257,73.772
26619228.000,23.286,73.489
26633490.000,23.383,73.453
26647752.000,23.402,72.259
26662014.000,23.424,72.450
26676276.000,23.561,71.709
26690538.000,23.637,71.261
26704800.000,23.517,71.471
26719062.000,23.564,70.168
26733324.000,23.634,70.832
26747586.000,23.667,70.576
26761848.000,23.644,70.351
26776110.000,23.629,69.689
26790372.000,23.690,70.371
26804634.000,23.679,69.439
26818896.000,23.803,71.215
26833158.000,23.778,69.272
26847420.000,23.807,69.214
26861682.000,23.804,69.407
26875944.000,23.900,68.251
26890206.000,23.834,68.083
26904468.000,23.781,68.760
26918730.000,23.896,68.061
26932992.000,23.969,67.047
26947254.000,23.890,67.733
26961516.000,23.861,66.658
26975778.000,23.965,67.519
26990040.000,24.005,67.538
27004302.000,24.115,67.156
27018564.000,24.042,66.779
27032826.000,23.918,66.944
27047088.000,24.152,66.366
27061350.000,24.071,66.112
27075612.000,24.013,65.696
27089874.000,24.126,66.195
27104136.000,24.161,65.970
27118398.000,24.261,65.116
27132660.000,24.208,65.685
27146922.000,24.313,65.680
27161184.000,24.172,65.305
27175446.000,24.300,65.397
27189708.000,24.367,65.276
27203970.000,24.553,64.842
27218232.000,24.397,64.814
27232494.000,24.537,64.897
27246756.000,24.606,64.854
27261018.000,24.594,64.455
27275280.000,24.590,65.944
27289542.000,24.770,65.462
27303804.000,24.732,64.193
27318066.000,24.845,64.755
27332328.000,24.842,64.620
27346590.000,25.083,64.591
27360852.000,25.000,64.844
27375114.000,25.226,64.432
27389376.000,25.197,64.903
27403638.000,25.215,65.852
27417900.000,25.441,65.636
27432162.000,25.322,65.742
27446424.000,25.438,65.465
27460686.000,25.495,66.272
27474948.000,25.561,65.918
27489210.000,25.591,66.553
27503472.000,25.745,66.962
27517734.000,25.712,66.969
27531996.000,25.862,65.668
27546258.000,25.948,67.577
27560520.000,25.993,67.799
27574782.000,26.067,68.214
27589044.000,26.169,67.939
27603306.000,26.315,67.591
27617568.000,26.356,68.232
27631830.000,26.343,69.040
27646092.000,26.424,69.707
27660354.000,26.461,69.320
27674616.000,26.586,69.810
27688878.000,26.599,70.186
27703140.000,26.819,69.743
27717402.000,26.495,70.430
27731664.000,26.977,72.086
27745926.000,26.797,69.845
27760188.000,27.018,70.496
27774450.000,27.002,71.009
27788712.000,27.084,72.086
27802974.000,27.098,72.472
27817236.000,27.151,73.745
27831498.000,27.165,72.225
27845760.000,27.154,73.355
27860022.000,27.267,72.974
27874284.000,27.244,73.660
27888546.000,27.275,74.692
27902808.000,27.337,74.097
27917070.000,27.485,74.514
27931332.000,27.572,74.385
27945594.000,27.474,74.658
27959856.000,27.489,75.414
27974118.000,27.698,76.722
27988380.000,28.020,77.513
28002642.000,27.754,78.229
28016904.000,27.763,75.960
28031166.000,27.933,76.411
28045428.000,28.067,78.268
28059690.000,27.987,77.512
28073952.000,28.123,77.981
28088214.000,28.002,79.761
28102476.000,28.033,79.193
28116738.000,28.089,79.830
28131000.000,28.149,80.381
28145262.000,28.199,79.732
28159524.000,28.399,81.339
28173786.000,28.489,81.245
28188048.000,28.604,82.749
28202310.000,28.373,83.861
28216572.000,28.802,84.563
28230834.000,28.601,84.429
28245096.000,28.678,86.710
28259358.000,28.788,86.846
28273620.000,28.976,86.497
28287882.000,28.870,89.699
28302144.000,28.860,89.254
28316406.000,28.986,91.767
28330668.000,29.081,92.242
28344930.000,29.286,93.351
28359192.000,29.037,95.583
28373454.000,29.442,97.063
28387716.000,29.064,98.336
28401978.000,29.306,99.318
28416240.000,29.273,100.322
28430502.000,29.426,102.621
28444764.000,29.233,104.441
28459026.000,29.150,106.608
28473288.000,29.379,106.777
28487550.000,29.120,110.210
28501812.000,29.267,110.437
28516074.000,29.145,112.408
28530336.000,29.164,114.223
28544598.000,29.075,116.422
28558860.000,28.948,116.952
28573122.000,29.042,118.384
28587384.000,28.743,119.860
28601646.000,28.760,121.474
28615908.000,28.518,122.646
28630170.000,28.151,125.703
28644432.000,28.215,126.138
28658694.000,28.119,128.792
28672956.000,27.919,128.780
28687218.000,27.711,130.195
28701480.000,27.442,131.967
28715742.000,27.485,132.783
28730004.000,27.150,135.080
28744266.000,26.944,134.628
28758528.000,26.768,135.917
28772790.000,26.556,137.380
28787052.000,26.509,138.334
28801314.000,26.346,139.599
28815576.000,25.934,140.113
28829838.000,25.768,141.205
28844100.000,25.636,141.545
28858362.000,25.259,141.633
28872624.000,25.291,143.397
28886886.000,25.027,143.590
28901148.000,24.794,144.242
28915410.000,24.595,144.421
28929672.000,24.422,145.608
28943934.000,24.230,145.577
28958196.000,23.939,146.396
28972458.000,23.775,146.112
28986720.000,23.544,146.989
29000982.000,23.361,147.494
29015244.000,23.227,147.041
29029506.000,22.957,147.474
29043768.000,22.776,147.225
29058030.000,22.535,147.854
29072292.000,22.457,147.934
29086554.000,22.320,147.962
29100816.000,21.969,148.431
29115078.000,21.851,148.290
29129340.000,21.659,148.431
29143602.000,21.498,148.649
29157864.000,21.276,148.525
29172126.000,21.233,148.376
29186388.000,20.967,148.397
29200650.000,20.822,148.551
29214912.000,20.709,148.387
29229174.000,20.507,148.448
29243436.000,20.360,148.180
29257698.000,20.200,148.492
29271960.000,20.028,148.172
29286222.000,19.812,148.034
29300484.000,19.737,147.730
29314746.000,19.525,148.251
29329008.000,19.354,147.607
29343270.000,19.140,147.349
29357532.000,19.024,146.949
29371794.000,18.911,146.668
29386056.000,18.726,146.704
29400318.000,18.574,146.294
29414580.000,18.502,146.241
29428842.000,18.263,146.030
29443104.000,18.184,145.425
29457366.000,18.002,145.072
29471628.000,17.924,145.038
29485890.000,17.766,144.624
29500152.000,17.619,144.412
29514414.000,17.467,143.963
29528676.000,17.285,143.883
29542938.000,17.184,143.464
29557200.000,17.047,143.050
29571462.000,16.953,142.541
29585724.000,16.788,142.004
29599986.000,16.665,141.968
29614248.000,16.550,141.556
29628510.000,16.408,141.050
29642772.000,16.308,140.739
29657034.000,16.162,140.486
29671296.000,16.057,139.880
29685558.000,15.913,139.826
29699820.000,15.794,139.409
29714082.000,15.679,138.457
29728344.000,15.544,138.294
29742606.000,15.443,137.924
29756868.000,15.331,137.535
29771130.000,15.229,137.103
29785392.000,15.084,136.563
29799654.000,14.971,136.471
29813916.000,14.872,135.913
29828178.000,14.764,135.318
29842440.000,14.658,135.177
29856702.000,14.602,134.841
29870964.000,14.456,134.591
29885226.000,14.387,133.939
29899488.000,14.278,133.749
29913750.000,14.184,133.177
29928012.000,14.075,132.828
29942274.000,13.997,132.436
29956536.000,13.900,132.067
29970798.000,13.832,131.536
29985060.000,13.721,131.193
29999322.000,13.649,131.194
