Frequency(Hz),Return Loss(dB),Phase(deg),Rs,SWR,Xs,|Z|,Theta
21000000,-9.27,78.81,44.8,2.05,34.3,56.4,17.0
21014262,-9.33,78.20,45.2,2.04,34.2,56.7,17.5
21028524,-9.42,77.87,45.6,2.02,34.0,56.8,17.8
21042786,-9.50,77.21,46.1,2.01,33.9,57.2,18.3
21057048,-9.57,76.91,46.3,2.00,33.7,57.3,18.6
21071310,-9.69,76.23,46.9,1.98,33.5,57.6,18.9
21085572,-9.74,75.73,47.3,1.97,33.4,57.9,19.4
21099834,-9.84,75.26,47.7,1.95,33.2,58.1,19.6
21114096,-9.92,74.68,48.1,1.94,33.0,58.3,19.9
21128358,-10.00,73.98,48.6,1.92,32.8,58.7,20.3
21142620,-10.08,73.60,48.9,1.91,32.6,58.8,20.5
21156882,-10.17,73.16,49.3,1.90,32.4,59.0,20.7
21171144,-10.27,72.45,49.8,1.88,32.1,59.3,21.0
21185406,-10.32,71.88,50.2,1.88,32.1,59.6,21.4
21199668,-10.46,71.75,50.4,1.86,31.6,59.5,21.3
21213930,-10.52,70.87,51.0,1.85,31.5,59.9,21.7
21228192,-10.61,70.35,51.4,1.84,31.2,60.1,21.9
21242454,-10.67,69.88,51.7,1.83,31.1,60.3,22.1
21256716,-10.74,69.34,52.1,1.82,30.9,60.5,22.3
21270978,-10.83,68.73,52.5,1.81,30.6,60.8,22.5
21285240,-10.87,68.25,52.8,1.80,30.6,61.0,22.8
21299502,-11.01,67.61,53.2,1.78,30.1,61.2,22.8
21313764,-11.05,66.95,53.6,1.78,30.0,61.5,23.1
21328026,-11.17,66.44,54.0,1.76,29.6,61.6,23.1
21342288,-11.21,65.79,54.4,1.76,29.5,61.9,23.4
21356550,-11.28,65.27,54.7,1.75,29.3,62.0,23.5
21370812,-11.41,64.59,55.1,1.74,28.9,62.2,23.5
21385074,-11.44,64.17,55.4,1.73,28.8,62.4,23.7
21399336,-11.57,63.59,55.7,1.72,28.3,62.5,23.7
21413598,-11.64,63.03,56.0,1.71,28.1,62.7,23.7
21427860,-11.75,62.42,56.4,1.70,27.7,62.8,23.7
21442122,-11.80,61.71,56.8,1.69,27.5,63.1,23.9
21456384,-11.87,61.07,57.1,1.68,27.3,63.3,24.0
21470646,-11.96,60.69,57.3,1.68,27.0,63.4,24.0
21484908,-12.03,59.81,57.8,1.67,26.7,63.7,24.1
21499170,-12.15,59.56,57.9,1.66,26.3,63.6,23.9
21513432,-12.23,58.68,58.4,1.65,25.9,63.9,24.0
21527694,-12.30,58.22,58.6,1.64,25.7,64.0,24.0
21541956,-12.34,57.62,58.9,1.64,25.5,64.2,24.1
21556218,-12.43,56.95,59.2,1.63,25.2,64.3,24.1
21570480,-12.52,56.21,59.5,1.62,24.8,64.5,24.1
21584742,-12.58,55.32,60.0,1.61,24.5,64.8,24.2
21599004,-12.68,55.01,60.1,1.61,24.2,64.7,24.0
21613266,-12.76,54.32,60.4,1.60,23.8,64.9,24.0
21627528,-12.85,53.72,60.6,1.59,23.5,65.0,23.9
21641790,-12.87,53.13,60.9,1.59,23.3,65.2,24.0
21656052,-12.97,52.28,61.2,1.58,22.9,65.4,23.9
21670314,-13.07,51.63,61.4,1.57,22.5,65.4,23.8
21684576,-13.12,50.74,61.8,1.57,22.2,65.7,23.8
21698838,-13.20,50.38,61.9,1.56,21.9,65.7,23.7
21713100,-13.34,49.47,62.2,1.55,21.3,65.8,23.5
21727362,-13.37,49.29,62.3,1.55,21.2,65.8,23.5
21741624,-13.42,48.32,62.6,1.54,20.9,66.0,23.5
21755886,-13.51,47.85,62.8,1.54,20.6,66.0,23.3
21770148,-13.57,47.02,63.1,1.53,20.2,66.2,23.3
21784410,-13.68,46.11,63.3,1.52,19.7,66.3,23.1
21798672,-13.70,45.60,63.5,1.52,19.6,66.5,23.1
21812934,-13.81,44.74,63.7,1.51,19.1,66.5,22.8
21827196,-13.88,44.21,63.9,1.51,18.8,66.6,22.7
21841458,-13.93,43.28,64.2,1.50,18.4,66.8,22.6
21855720,-13.99,42.95,64.2,1.50,18.2,66.8,22.5
21869982,-14.06,41.97,64.5,1.49,17.8,66.9,22.4
21884244,-14.15,41.28,64.6,1.49,17.4,66.9,22.2
21898506,-14.20,40.21,65.0,1.48,17.0,67.2,22.1
21912768,-14.25,39.72,65.1,1.48,16.7,67.2,21.9
21927030,-14.33,38.90,65.3,1.48,16.3,67.3,21.7
21941292,-14.39,37.92,65.5,1.47,16.0,67.4,21.6
21955554,-14.42,37.68,65.6,1.47,15.8,67.4,21.5
21969816,-14.54,36.76,65.7,1.46,15.3,67.4,21.2
21984078,-14.57,36.05,65.9,1.46,15.0,67.5,21.1
21998340,-14.59,34.76,66.3,1.46,14.6,67.8,21.0
22012602,-14.69,34.18,66.3,1.45,14.2,67.8,20.7
22026864,-14.70,33.48,66.5,1.45,14.0,67.9,20.6
22041126,-14.80,32.50,66.6,1.44,13.5,67.9,20.3
22055388,-14.79,32.03,66.7,1.45,13.3,68.1,20.2
22069650,-14.85,30.94,66.9,1.44,12.9,68.2,20.0
22083912,-14.87,30.63,67.0,1.44,12.7,68.2,19.9
22098174,-14.95,29.27,67.2,1.44,12.1,68.3,19.5
22112436,-14.98,28.71,67.3,1.43,11.9,68.4,19.4
22126698,-15.05,27.88,67.4,1.43,11.5,68.4,19.1
22140960,-15.11,26.88,67.5,1.43,11.1,68.4,18.8
22155222,-15.09,26.00,67.8,1.43,10.8,68.7,18.7
22169484,-15.13,25.32,67.9,1.43,10.5,68.7,18.5
22183746,-15.15,24.36,68.1,1.42,10.1,68.8,18.3
22198008,-15.24,23.28,68.1,1.42,9.6,68.8,17.9
22212270,-15.25,22.54,68.3,1.42,9.3,68.9,17.7
22226532,-15.22,21.64,68.5,1.42,9.0,69.1,17.6
22240794,-15.32,20.82,68.5,1.41,8.6,69.0,17.2
22255056,-15.24,19.97,68.8,1.42,8.4,69.3,17.1
22269318,-15.36,19.00,68.7,1.41,7.9,69.2,16.6
22283580,-15.27,18.17,69.1,1.42,7.7,69.5,16.6
22297842,-15.42,17.05,68.9,1.41,7.0,69.3,16.0
22312104,-15.39,16.07,69.1,1.41,6.7,69.5,15.8
22326366,-15.38,15.42,69.3,1.41,6.5,69.6,15.6
22340628,-15.45,14.24,69.3,1.41,5.9,69.5,15.2
22354890,-15.33,13.17,69.7,1.41,5.6,70.0,15.1
22369152,-15.40,12.82,69.6,1.41,5.4,69.8,14.8
22383414,-15.36,11.40,69.9,1.41,4.9,70.0,14.5
22397676,-15.42,10.79,69.8,1.41,4.6,69.9,14.1
22411938,-15.38,9.43,70.0,1.41,4.0,70.2,13.8
22426200,-15.38,9.00,70.1,1.41,3.8,70.2,13.6
22440462,-15.42,7.83,70.1,1.41,3.3,70.2,13.1
22454724,-15.33,6.79,70.4,1.41,2.9,70.5,12.9
22468986,-15.37,6.10,70.4,1.41,2.6,70.4,12.5
22483248,-15.32,4.43,70.6,1.41,1.9,70.6,12.0
22497510,-15.31,4.04,70.6,1.41,1.8,70.7,11.8
22511772,-15.22,2.39,70.9,1.42,1.1,70.9,11.4
22526034,-15.35,1.95,70.6,1.41,0.8,70.6,11.0
22540296,-15.27,0.95,70.8,1.42,0.4,70.8,10.7
22554558,-15.19,-0.03,71.1,1.42,-0.0,71.1,10.3
22568820,-15.20,-0.50,71.0,1.42,-0.2,71.0,10.0
22583082,-15.16,-2.40,71.1,1.42,-1.1,71.1,9.4
22597344,-15.21,-3.23,70.9,1.42,-1.4,71.0,8.9
22611606,-15.12,-4.75,71.2,1.43,-2.1,71.2,8.4
22625868,-15.11,-4.96,71.2,1.43,-2.2,71.2,8.2
22640130,-15.01,-6.28,71.4,1.43,-2.9,71.4,7.7
22654392,-15.04,-7.23,71.2,1.43,-3.3,71.3,7.2
22668654,-15.01,-7.96,71.2,1.43,-3.6,71.3,6.9
22682916,-15.02,-9.81,71.0,1.43,-4.4,71.1,6.1
22697178,-14.97,-10.16,71.1,1.43,-4.6,71.3,5.8
22711440,-14.91,-11.55,71.1,1.44,-5.3,71.3,5.2
22725702,-14.90,-12.21,71.1,1.44,-5.6,71.3,4.8
22739964,-14.83,-13.35,71.1,1.44,-6.2,71.4,4.3
22754226,-14.84,-14.79,70.8,1.44,-6.8,71.2,3.6
22768488,-14.73,-15.42,71.1,1.45,-7.2,71.4,3.3
22782750,-14.74,-16.79,70.8,1.45,-7.8,71.2,2.6
22797012,-14.68,-17.41,70.8,1.45,-8.1,71.3,2.2
22811274,-14.75,-18.87,70.3,1.45,-8.6,70.9,1.5
22825536,-14.62,-19.50,70.5,1.46,-9.1,71.1,1.1
22839798,-14.59,-20.35,70.4,1.46,-9.5,71.1,0.6
22854060,-14.59,-22.07,70.0,1.46,-10.2,70.8,-0.2
22868322,-14.51,-22.50,70.1,1.46,-10.5,70.9,-0.6
22882584,-14.57,-24.07,69.6,1.46,-11.0,70.4,-1.4
22896846,-14.40,-24.91,69.8,1.47,-11.6,70.7,-1.9
22911108,-14.49,-26.34,69.1,1.46,-12.0,70.2,-2.6
22925370,-14.38,-27.09,69.2,1.47,-12.5,70.3,-3.1
22939632,-14.46,-27.94,68.7,1.47,-12.6,69.9,-3.6
22953894,-14.32,-29.35,68.6,1.48,-13.4,69.9,-4.4
22968156,-14.31,-30.18,68.4,1.48,-13.7,69.7,-4.8
22982418,-14.28,-31.51,68.0,1.48,-14.3,69.5,-5.5
22996680,-14.22,-32.52,67.8,1.48,-14.7,69.4,-6.1
23010942,-14.30,-33.61,67.2,1.48,-14.9,68.9,-6.7
23025204,-14.16,-34.86,67.1,1.49,-15.6,68.9,-7.4
23039466,-14.18,-35.65,66.7,1.49,-15.8,68.6,-7.9
23053728,-14.16,-37.01,66.3,1.49,-16.3,68.2,-8.6
23067990,-14.09,-38.02,66.0,1.49,-16.7,68.1,-9.2
23082252,-14.10,-39.15,65.6,1.49,-17.0,67.7,-9.7
23096514,-14.03,-40.27,65.2,1.50,-17.5,67.5,-10.4
23110776,-14.09,-41.14,64.8,1.49,-17.5,67.1,-10.8
23125038,-13.99,-42.37,64.5,1.50,-18.1,66.9,-11.5
23139300,-14.01,-43.31,64.0,1.50,-18.2,66.6,-11.9
23153562,-13.95,-44.76,63.5,1.50,-18.7,66.2,-12.7
23167824,-13.93,-45.84,63.1,1.50,-19.0,65.9,-13.2
23182086,-13.91,-46.83,62.7,1.50,-19.2,65.6,-13.7
23196348,-13.87,-48.16,62.2,1.51,-19.6,65.2,-14.3
23210610,-13.88,-48.97,61.9,1.51,-19.7,64.9,-14.7
23224872,-13.84,-50.32,61.3,1.51,-20.0,64.5,-15.3
23239134,-13.84,-51.28,60.9,1.51,-20.2,64.2,-15.7
23253396,-13.80,-52.60,60.4,1.51,-20.4,63.7,-16.3
23267658,-13.80,-53.65,59.9,1.51,-20.6,63.3,-16.7
23281920,-13.77,-54.84,59.4,1.52,-20.8,63.0,-17.2
23296182,-13.75,-56.38,58.8,1.52,-21.0,62.4,-17.8
23310444,-13.75,-57.07,58.5,1.52,-21.1,62.2,-18.1
23324706,-13.74,-58.31,58.0,1.52,-21.2,61.7,-18.5
23338968,-13.74,-59.27,57.5,1.52,-21.2,61.3,-18.9
23353230,-13.69,-60.36,57.1,1.52,-21.5,61.0,-19.3
23367492,-13.70,-61.60,56.6,1.52,-21.5,60.5,-19.7
23381754,-13.69,-62.62,56.1,1.52,-21.5,60.1,-20.0
23396016,-13.67,-63.97,55.6,1.52,-21.6,59.6,-20.4
23410278,-13.67,-64.87,55.2,1.52,-21.6,59.3,-20.6
23424540,-13.64,-66.25,54.6,1.53,-21.7,58.8,-21.0
23438802,-13.64,-67.05,54.3,1.53,-21.7,58.5,-21.3
23453064,-13.62,-68.37,53.8,1.53,-21.8,58.0,-21.6
23467326,-13.58,-69.08,53.5,1.53,-21.9,57.8,-21.9
23481588,-13.64,-70.51,52.9,1.53,-21.7,57.2,-22.0
23495850,-13.62,-71.42,52.5,1.53,-21.7,56.8,-22.2
23510112,-13.58,-72.28,52.2,1.53,-21.8,56.5,-22.5
23524374,-13.56,-73.78,51.6,1.53,-21.7,56.0,-22.8
23538636,-13.56,-74.74,51.2,1.53,-21.7,55.6,-22.9
23552898,-13.55,-76.19,50.6,1.53,-21.6,55.1,-23.1
23567160,-13.50,-76.87,50.4,1.54,-21.7,54.8,-23.3
23581422,-13.55,-78.18,49.9,1.53,-21.5,54.3,-23.4
23595684,-13.53,-79.07,49.5,1.53,-21.4,54.0,-23.5
23609946,-13.50,-80.19,49.1,1.54,-21.4,53.6,-23.6
23624208,-13.51,-81.27,48.7,1.54,-21.3,53.2,-23.7
23638470,-13.51,-82.30,48.4,1.53,-21.2,52.8,-23.7
23652732,-13.50,-83.45,47.9,1.54,-21.1,52.4,-23.8
23666994,-13.43,-84.48,47.5,1.54,-21.1,52.0,-24.0
23681256,-13.48,-85.47,47.2,1.54,-20.9,51.6,-23.9
23695518,-13.47,-86.64,46.8,1.54,-20.7,51.2,-23.9
23709780,-13.43,-87.72,46.4,1.54,-20.7,50.8,-24.0
23724042,-13.44,-88.72,46.1,1.54,-20.5,50.5,-24.0
23738304,-13.42,-89.79,45.7,1.54,-20.4,50.1,-24.0
23752566,-13.44,-90.69,45.4,1.54,-20.3,49.8,-23.9
23766828,-13.40,-91.86,45.0,1.54,-20.2,49.3,-23.9
23781090,-13.39,-92.76,44.7,1.54,-20.0,49.0,-23.9
23795352,-13.35,-94.00,44.3,1.55,-19.9,48.6,-23.9
23809614,-13.40,-94.79,44.1,1.54,-19.7,48.3,-23.6
23823876,-13.38,-95.61,43.9,1.55,-19.6,48.0,-23.6
23838138,-13.35,-96.94,43.4,1.55,-19.4,47.6,-23.5
23852400,-13.35,-97.61,43.2,1.55,-19.3,47.3,-23.4
23866662,-13.33,-98.64,42.9,1.55,-19.2,47.0,-23.2
23880924,-13.35,-99.93,42.6,1.55,-18.9,46.6,-23.0
23895186,-13.32,-100.84,42.3,1.55,-18.8,46.3,-22.9
23909448,-13.34,-101.69,42.1,1.55,-18.6,46.0,-22.6
23923710,-13.34,-102.75,41.8,1.55,-18.4,45.6,-22.4
23937972,-13.33,-103.75,41.5,1.55,-18.2,45.3,-22.2
23952234,-13.32,-104.69,41.2,1.55,-18.1,45.0,-22.0
23966496,-13.31,-105.74,41.0,1.55,-17.9,44.7,-21.8
23980758,-13.31,-106.65,40.7,1.55,-17.7,44.4,-21.5
23995020,-13.30,-107.48,40.5,1.55,-17.5,44.1,-21.3
24009282,-13.31,-108.32,40.3,1.55,-17.3,43.9,-21.0
24023544,-13.28,-109.65,39.9,1.55,-17.1,43.5,-20.7
24037806,-13.33,-110.54,39.8,1.55,-16.9,43.2,-20.3
24052068,-13.29,-111.20,39.6,1.55,-16.8,43.0,-20.1
24066330,-13.32,-112.36,39.4,1.55,-16.5,42.7,-19.6
24080592,-13.31,-113.13,39.2,1.55,-16.3,42.5,-19.4
24094854,-13.28,-114.18,38.9,1.55,-16.2,42.1,-19.0
24109116,-13.32,-114.94,38.8,1.55,-15.9,41.9,-18.6
24123378,-13.28,-116.11,38.5,1.55,-15.7,41.6,-18.3
24137640,-13.33,-116.87,38.4,1.55,-15.5,41.4,-17.8
24151902,-13.30,-117.81,38.2,1.55,-15.3,41.1,-17.5
24166164,-13.35,-118.64,38.1,1.55,-15.1,40.9,-17.0
24180426,-13.37,-119.85,37.9,1.55,-14.8,40.6,-16.5
24194688,-13.34,-120.49,37.7,1.55,-14.7,40.5,-16.2
24208950,-13.36,-121.24,37.6,1.55,-14.5,40.3,-15.7
24223212,-13.37,-122.48,37.4,1.55,-14.2,40.0,-15.2
24237474,-13.43,-123.17,37.3,1.54,-14.0,39.9,-14.7
24251736,-13.41,-124.16,37.1,1.54,-13.7,39.6,-14.2
24265998,-13.45,-124.93,37.1,1.54,-13.5,39.4,-13.7
24280260,-13.47,-125.94,36.9,1.54,-13.3,39.2,-13.2
24294522,-13.47,-126.98,36.7,1.54,-13.0,39.0,-12.7
24308784,-13.50,-127.43,36.7,1.54,-12.9,38.9,-12.3
24323046,-13.53,-128.29,36.6,1.53,-12.7,38.7,-11.8
24337308,-13.56,-129.26,36.5,1.53,-12.4,38.5,-11.2
24351570,-13.54,-130.12,36.3,1.53,-12.2,38.3,-10.7
24365832,-13.58,-130.70,36.3,1.53,-12.1,38.2,-10.3
24380094,-13.62,-131.81,36.2,1.53,-11.8,38.1,-9.7
24394356,-13.67,-132.67,36.1,1.52,-11.5,37.9,-9.1
24408618,-13.65,-133.37,36.0,1.52,-11.4,37.8,-8.7
24422880,-13.67,-134.17,35.9,1.52,-11.2,37.6,-8.1
24437142,-13.72,-135.06,35.9,1.52,-10.9,37.5,-7.6
24451404,-13.73,-136.02,35.8,1.52,-10.7,37.3,-7.0
24465666,-13.80,-136.79,35.8,1.51,-10.4,37.3,-6.4
24479928,-13.79,-137.75,35.6,1.51,-10.2,37.1,-5.9
24494190,-13.81,-138.52,35.6,1.51,-10.0,37.0,-5.4
24508452,-13.84,-139.23,35.5,1.51,-9.8,36.9,-4.9
24522714,-13.93,-139.85,35.6,1.50,-9.6,36.9,-4.4
24536976,-13.93,-140.70,35.5,1.50,-9.4,36.7,-3.9
24551238,-13.94,-141.63,35.4,1.50,-9.2,36.6,-3.3
24565500,-14.00,-142.38,35.4,1.50,-9.0,36.5,-2.8
24579762,-14.00,-143.40,35.3,1.50,-8.7,36.4,-2.2
24594024,-14.10,-144.20,35.4,1.49,-8.5,36.4,-1.7
24608286,-14.08,-144.82,35.3,1.49,-8.4,36.3,-1.2
24622548,-14.16,-145.60,35.3,1.49,-8.1,36.2,-0.7
24636810,-14.19,-146.42,35.3,1.49,-7.9,36.2,-0.2
24651072,-14.23,-147.41,35.2,1.48,-7.7,36.1,0.4
24665334,-14.26,-147.99,35.2,1.48,-7.5,36.0,0.8
24679596,-14.27,-148.63,35.2,1.48,-7.4,36.0,1.2
24693858,-14.34,-149.54,35.2,1.47,-7.1,35.9,1.7
24708120,-14.33,-150.46,35.1,1.48,-6.9,35.8,2.3
24722382,-14.44,-151.14,35.2,1.47,-6.7,35.9,2.7
24736644,-14.44,-152.08,35.1,1.47,-6.5,35.7,3.2
24750906,-14.48,-152.83,35.2,1.47,-6.3,35.7,3.7
24765168,-14.49,-153.40,35.1,1.46,-6.2,35.7,4.0
24779430,-14.52,-154.30,35.1,1.46,-5.9,35.6,4.5
24793692,-14.61,-154.95,35.2,1.46,-5.7,35.7,4.9
24807954,-14.65,-155.74,35.2,1.45,-5.5,35.6,5.3
24822216,-14.67,-156.33,35.2,1.45,-5.4,35.6,5.7
24836478,-14.70,-157.40,35.2,1.45,-5.1,35.5,6.2
24850740,-14.77,-158.16,35.2,1.45,-4.9,35.6,6.6
24865002,-14.75,-158.88,35.2,1.45,-4.8,35.5,7.0
24879264,-14.84,-159.77,35.2,1.44,-4.6,35.5,7.4
24893526,-14.89,-160.65,35.2,1.44,-4.4,35.5,7.8
24907788,-14.89,-161.32,35.2,1.44,-4.2,35.5,8.2
24922050,-14.97,-162.01,35.3,1.43,-4.0,35.5,8.5
24936312,-14.96,-162.64,35.3,1.43,-3.9,35.5,8.8
24950574,-15.02,-163.58,35.3,1.43,-3.7,35.5,9.2
24964836,-15.07,-164.01,35.4,1.43,-3.5,35.5,9.4
24979098,-15.11,-165.41,35.4,1.43,-3.2,35.5,9.9
24993360,-15.13,-165.83,35.4,1.42,-3.1,35.5,10.2
25007622,-15.16,-166.76,35.4,1.42,-2.9,35.5,10.6
25021884,-15.22,-167.25,35.4,1.42,-2.8,35.6,10.8
25036146,-15.22,-168.11,35.4,1.42,-2.6,35.5,11.1
25050408,-15.34,-168.79,35.6,1.41,-2.4,35.6,11.3
25064670,-15.31,-169.59,35.5,1.41,-2.3,35.6,11.7
25078932,-15.38,-170.36,35.6,1.41,-2.1,35.6,11.9
25093194,-15.44,-170.80,35.6,1.41,-2.0,35.7,12.0
25107456,-15.48,-171.96,35.7,1.40,-1.7,35.7,12.4
25121718,-15.53,-172.37,35.7,1.40,-1.6,35.8,12.5
25135980,-15.47,-173.32,35.6,1.41,-1.4,35.7,13.0
25150242,-15.57,-174.34,35.8,1.40,-1.2,35.8,13.2
25164504,-15.62,-174.85,35.8,1.40,-1.1,35.8,13.3
25178766,-15.69,-175.81,35.9,1.39,-0.9,35.9,13.5
25193028,-15.68,-176.27,35.9,1.39,-0.8,35.9,13.7
25207290,-15.73,-177.57,36.0,1.39,-0.5,36.0,14.0
25221552,-15.78,-177.82,36.0,1.39,-0.5,36.0,14.1
25235814,-15.79,-179.03,36.0,1.39,-0.2,36.0,14.4
25250076,-15.88,-179.38,36.1,1.38,-0.1,36.1,14.4
25264338,-15.87,179.98,36.1,1.38,0.0,36.1,14.6
25278600,-15.96,178.98,36.3,1.38,0.2,36.3,14.8
25292862,-15.97,178.51,36.3,1.38,0.3,36.3,14.9
25307124,-15.99,177.56,36.3,1.38,0.5,36.3,15.1
25321386,-16.07,177.06,36.4,1.37,0.6,36.4,15.1
25335648,-16.09,175.82,36.5,1.37,0.9,36.5,15.3
25349910,-16.17,175.40,36.6,1.37,0.9,36.6,15.3
25364172,-16.15,174.55,36.6,1.37,1.1,36.6,15.6
25378434,-16.17,174.01,36.6,1.37,1.2,36.6,15.7
25392696,-16.21,172.86,36.7,1.37,1.4,36.7,15.8
25406958,-16.25,172.00,36.7,1.36,1.6,36.8,15.9
25421220,-16.31,171.57,36.8,1.36,1.7,36.9,15.9
25435482,-16.38,170.62,36.9,1.36,1.9,37.0,15.9
25449744,-16.39,170.49,37.0,1.36,1.9,37.0,16.0
25464006,-16.46,169.40,37.1,1.35,2.1,37.1,16.0
25478268,-16.39,168.73,37.0,1.36,2.2,37.1,16.2
25492530,-16.47,167.85,37.1,1.35,2.4,37.2,16.2
25506792,-16.55,167.28,37.3,1.35,2.5,37.3,16.2
25521054,-16.57,166.50,37.3,1.35,2.6,37.4,16.2
25535316,-16.55,165.19,37.3,1.35,2.9,37.4,16.4
25549578,-16.66,165.43,37.5,1.34,2.8,37.6,16.2
25563840,-16.67,163.84,37.5,1.34,3.1,37.7,16.3
25578102,-16.70,163.74,37.6,1.34,3.1,37.7,16.3
25592364,-16.73,162.76,37.7,1.34,3.3,37.8,16.3
25606626,-16.76,162.33,37.7,1.34,3.4,37.9,16.3
25620888,-16.84,161.55,37.8,1.34,3.5,38.0,16.2
25635150,-16.81,160.35,37.9,1.34,3.8,38.1,16.3
25649412,-16.81,160.47,37.9,1.34,3.7,38.0,16.3
25663674,-16.97,159.34,38.1,1.33,3.9,38.3,16.1
25677936,-16.84,159.19,38.0,1.34,4.0,38.2,16.3
25692198,-16.97,158.04,38.2,1.33,4.1,38.4,16.1
25706460,-16.94,157.56,38.2,1.33,4.2,38.4,16.2
25720722,-16.98,156.44,38.3,1.33,4.4,38.5,16.1
25734984,-17.03,155.95,38.4,1.33,4.5,38.6,16.0
25749246,-17.02,155.63,38.4,1.33,4.6,38.7,16.0
25763508,-17.06,154.68,38.5,1.33,4.7,38.8,16.0
25777770,-17.03,154.22,38.5,1.33,4.8,38.8,16.0
25792032,-17.12,153.17,38.7,1.32,5.0,39.0,15.8
25806294,-17.10,153.22,38.6,1.32,5.0,39.0,15.8
25820556,-17.15,151.98,38.8,1.32,5.2,39.1,15.7
25834818,-17.23,151.36,38.9,1.32,5.2,39.3,15.5
25849080,-17.14,150.89,38.9,1.32,5.4,39.2,15.6
25863342,-17.21,150.08,39.0,1.32,5.5,39.4,15.4
25877604,-17.19,149.47,39.0,1.32,5.6,39.4,15.4
25891866,-17.29,148.39,39.2,1.32,5.7,39.6,15.2
25906128,-17.24,148.40,39.2,1.32,5.7,39.6,15.2
25920390,-17.27,147.44,39.3,1.32,5.9,39.7,15.1
25934652,-17.32,146.93,39.4,1.32,6.0,39.8,14.9
25948914,-17.26,146.16,39.4,1.32,6.1,39.8,15.0
25963176,-17.40,144.97,39.6,1.31,6.3,40.1,14.6
25977438,-17.30,144.85,39.5,1.32,6.3,40.0,14.7
25991700,-17.36,143.78,39.7,1.31,6.5,40.2,14.5
26005962,-17.32,143.41,39.7,1.32,6.6,40.2,14.5
26020224,-17.34,142.94,39.7,1.31,6.6,40.3,14.4
26034486,-17.42,141.93,39.9,1.31,6.7,40.5,14.1
26048748,-17.37,141.65,39.9,1.31,6.8,40.5,14.1
26063010,-17.38,140.88,40.0,1.31,6.9,40.6,13.9
26077272,-17.33,140.21,40.0,1.31,7.1,40.6,13.9
26091534,-17.43,139.44,40.2,1.31,7.1,40.8,13.6
26105796,-17.34,139.25,40.1,1.31,7.2,40.7,13.6
26120058,-17.37,138.36,40.2,1.31,7.4,40.9,13.4
26134320,-17.37,137.64,40.3,1.31,7.5,41.0,13.3
26148582,-17.31,137.43,40.2,1.32,7.6,41.0,13.3
26162844,-17.45,136.51,40.5,1.31,7.6,41.2,12.9
26177106,-17.33,135.37,40.5,1.31,7.9,41.2,12.8
26191368,-17.48,135.09,40.7,1.31,7.8,41.4,12.5
26205630,-17.28,134.14,40.6,1.32,8.1,41.4,12.6
26219892,-17.41,133.85,40.7,1.31,8.1,41.5,12.3
26234154,-17.40,132.92,40.8,1.31,8.2,41.7,12.1
26248416,-17.33,132.35,40.8,1.31,8.4,41.7,12.0
26262678,-17.51,131.92,41.1,1.31,8.3,41.9,11.6
26276940,-17.31,130.90,41.0,1.32,8.6,41.9,11.6
26291202,-17.44,130.79,41.1,1.31,8.5,42.0,11.3
26305464,-17.30,129.73,41.1,1.32,8.8,42.1,11.2
26319726,-17.38,129.55,41.2,1.31,8.8,42.1,11.0
26333988,-17.35,128.33,41.4,1.31,9.0,42.3,10.8
26348250,-17.31,128.14,41.3,1.32,9.0,42.3,10.7
26362512,-17.37,127.18,41.5,1.31,9.1,42.5,10.3
26376774,-17.26,126.77,41.5,1.32,9.3,42.5,10.3
26391036,-17.32,126.83,41.5,1.32,9.2,42.5,10.1
26405298,-17.24,125.36,41.6,1.32,9.5,42.7,9.8
26419560,-17.27,124.72,41.8,1.32,9.6,42.9,9.6
26433822,-17.20,123.67,41.8,1.32,9.8,43.0,9.3
26448084,-17.19,123.31,41.9,1.32,9.9,43.0,9.2
26462346,-17.21,122.97,42.0,1.32,9.9,43.1,9.0
26476608,-17.15,122.14,42.0,1.32,10.1,43.2,8.7
26490870,-17.21,121.97,42.1,1.32,10.0,43.3,8.5
26505132,-17.08,120.57,42.2,1.33,10.4,43.4,8.2
26519394,-17.12,120.77,42.2,1.32,10.3,43.4,8.1
26533656,-17.06,119.40,42.3,1.33,10.6,43.6,7.7
26547918,-17.09,118.95,42.4,1.33,10.6,43.7,7.5
26562180,-17.03,118.17,42.5,1.33,10.8,43.9,7.2
26576442,-17.00,117.27,42.6,1.33,10.9,44.0,6.9
26590704,-16.99,117.07,42.7,1.33,11.0,44.0,6.8
26604966,-16.97,116.26,42.8,1.33,11.1,44.2,6.5
26619228,-16.98,115.90,42.8,1.33,11.1,44.3,6.2
26633490,-16.91,114.65,43.0,1.33,11.4,44.5,5.8
26647752,-16.94,114.57,43.0,1.33,11.4,44.5,5.7
26662014,-16.83,113.53,43.1,1.34,11.6,44.7,5.3
26676276,-16.85,112.83,43.2,1.34,11.7,44.8,5.0
26690538,-16.77,112.87,43.2,1.34,11.8,44.8,5.0
26704800,-16.80,111.53,43.4,1.34,11.9,45.0,4.4
26719062,-16.78,111.18,43.5,1.34,12.0,45.1,4.2
26733324,-16.78,110.06,43.7,1.34,12.1,45.3,3.8
26747586,-16.78,109.70,43.8,1.34,12.2,45.4,3.6
26761848,-16.70,109.08,43.8,1.34,12.4,45.5,3.3
26776110,-16.71,108.14,44.0,1.34,12.5,45.7,2.9
26790372,-16.67,107.64,44.1,1.34,12.6,45.8,2.6
26804634,-16.64,106.68,44.2,1.35,12.7,46.0,2.2
26818896,-16.59,106.37,44.2,1.35,12.9,46.1,2.0
26833158,-16.62,105.12,44.5,1.35,13.0,46.4,1.5
26847420,-16.60,104.70,44.6,1.35,13.0,46.5,1.2
26861682,-16.59,103.67,44.8,1.35,13.2,46.7,0.8
26875944,-16.59,103.14,44.9,1.35,13.2,46.8,0.5
26890206,-16.50,102.63,44.9,1.35,13.4,46.9,0.2
26904468,-16.54,101.52,45.2,1.35,13.5,47.2,-0.3
26918730,-16.51,101.42,45.2,1.35,13.5,47.2,-0.4
26932992,-16.51,100.53,45.4,1.35,13.6,47.4,-0.8
26947254,-16.46,99.87,45.5,1.35,13.8,47.5,-1.2
26961516,-16.49,98.67,45.8,1.35,13.9,47.8,-1.7
26975778,-16.48,98.18,45.9,1.35,13.9,48.0,-2.0
26990040,-16.39,97.67,45.9,1.36,14.1,48.1,-2.3
27004302,-16.42,96.69,46.2,1.36,14.2,48.3,-2.7
27018564,-16.41,96.25,46.3,1.36,14.2,48.4,-3.0
27032826,-16.41,95.16,46.5,1.36,14.3,48.7,-3.4
27047088,-16.38,94.91,46.6,1.36,14.4,48.7,-3.6
27061350,-16.45,93.65,46.9,1.35,14.4,49.1,-4.1
27075612,-16.40,93.06,47.0,1.36,14.5,49.2,-4.5
27089874,-16.43,92.49,47.2,1.36,14.6,49.4,-4.7
27104136,-16.42,91.75,47.3,1.36,14.6,49.6,-5.1
27118398,-16.41,91.04,47.5,1.36,14.7,49.7,-5.4
27132660,-16.41,90.24,47.7,1.36,14.8,49.9,-5.8
27146922,-16.36,89.66,47.8,1.36,14.9,50.1,-6.1
27161184,-16.42,88.55,48.1,1.36,14.9,50.4,-6.5
27175446,-16.34,88.12,48.2,1.36,15.0,50.5,-6.8
27189708,-16.39,87.11,48.5,1.36,15.0,50.8,-7.2
27203970,-16.41,86.41,48.7,1.36,15.0,50.9,-7.5
27218232,-16.40,85.48,48.9,1.36,15.1,51.2,-7.9
27232494,-16.43,84.90,49.1,1.36,15.1,51.3,-8.1
27246756,-16.36,84.10,49.2,1.36,15.2,51.5,-8.5
27261018,-16.48,83.54,49.4,1.35,15.1,51.7,-8.7
27275280,-16.39,82.63,49.6,1.36,15.3,51.9,-9.1
27289542,-16.47,82.02,49.8,1.35,15.2,52.1,-9.3
27303804,-16.43,81.35,50.0,1.36,15.3,52.3,-9.6
27318066,-16.45,80.59,50.2,1.35,15.3,52.5,-9.9
27332328,-16.44,79.95,50.4,1.36,15.3,52.6,-10.2
27346590,-16.44,78.50,50.8,1.35,15.3,53.0,-10.6
27360852,-16.49,78.05,50.9,1.35,15.3,53.1,-10.7
27375114,-16.47,77.32,51.1,1.35,15.3,53.3,-11.0
27389376,-16.50,76.70,51.3,1.35,15.3,53.5,-11.2
27403638,-16.45,75.75,51.5,1.35,15.4,53.8,-11.6
27417900,-16.49,74.93,51.7,1.35,15.3,54.0,-11.8
27432162,-16.49,74.20,52.0,1.35,15.3,54.2,-12.1
27446424,-16.48,73.19,52.2,1.35,15.3,54.4,-12.4
27460686,-16.54,72.44,52.4,1.35,15.2,54.6,-12.5
27474948,-16.50,71.45,52.7,1.35,15.3,54.9,-12.9
27489210,-16.54,70.58,53.0,1.35,15.2,55.1,-13.1
27503472,-16.50,70.33,53.0,1.35,15.3,55.2,-13.3
27517734,-16.50,69.08,53.4,1.35,15.3,55.5,-13.6
27531996,-16.52,68.52,53.5,1.35,15.2,55.7,-13.7
27546258,-16.58,66.93,54.0,1.35,15.1,56.0,-14.0
27560520,-16.54,66.37,54.2,1.35,15.1,56.2,-14.2
27574782,-16.53,65.45,54.4,1.35,15.1,56.5,-14.4
27589044,-16.54,64.84,54.6,1.35,15.1,56.6,-14.6
27603306,-16.50,64.08,54.8,1.35,15.1,56.9,-14.8
27617568,-16.54,63.00,55.1,1.35,15.0,57.1,-14.9
27631830,-16.52,62.28,55.3,1.35,15.0,57.3,-15.1
27646092,-16.57,61.15,55.6,1.35,14.8,57.6,-15.2
27660354,-16.52,60.14,56.0,1.35,14.8,57.9,-15.5
27674616,-16.52,59.53,56.1,1.35,14.8,58.0,-15.6
27688878,-16.53,58.30,56.5,1.35,14.7,58.4,-15.8
27703140,-16.53,57.56,56.7,1.35,14.6,58.5,-15.9
27717402,-16.50,56.54,57.0,1.35,14.6,58.8,-16.1
27731664,-16.50,55.52,57.3,1.35,14.5,59.1,-16.2
27745926,-16.55,54.59,57.5,1.35,14.3,59.3,-16.3
27760188,-16.51,53.87,57.8,1.35,14.3,59.5,-16.4
27774450,-16.55,52.83,58.0,1.35,14.1,59.7,-16.5
27788712,-16.56,51.69,58.4,1.35,13.9,60.0,-16.5
27802974,-16.49,50.67,58.7,1.35,13.9,60.3,-16.8
27817236,-16.51,49.84,58.9,1.35,13.8,60.5,-16.8
27831498,-16.46,48.77,59.3,1.35,13.7,60.8,-16.9
27845760,-16.51,47.63,59.6,1.35,13.5,61.1,-16.9
27860022,-16.47,46.75,59.8,1.35,13.4,61.3,-17.0
27874284,-16.40,45.77,60.2,1.36,13.4,61.6,-17.2
27888546,-16.44,45.00,60.4,1.35,13.2,61.8,-17.1
27902808,-16.39,44.01,60.7,1.36,13.1,62.1,-17.2
27917070,-16.46,42.55,61.0,1.35,12.7,62.3,-17.1
27931332,-16.37,41.61,61.4,1.36,12.7,62.7,-17.3
27945594,-16.36,40.71,61.6,1.36,12.5,62.9,-17.3
27959856,-16.35,39.77,61.9,1.36,12.3,63.1,-17.3
27974118,-16.32,38.69,62.2,1.36,12.2,63.4,-17.3
27988380,-16.26,37.56,62.6,1.36,12.0,63.7,-17.3
28002642,-16.27,36.76,62.8,1.36,11.8,63.9,-17.3
28016904,-16.26,35.99,63.0,1.36,11.7,64.1,-17.2
28031166,-16.24,34.48,63.4,1.36,11.3,64.4,-17.1
28045428,-16.28,33.75,63.5,1.36,11.1,64.5,-17.0
28059690,-16.18,32.79,63.9,1.37,11.0,64.9,-17.1
28073952,-16.21,31.85,64.1,1.37,10.7,65.0,-16.9
28088214,-16.18,30.68,64.5,1.37,10.5,65.3,-16.9
28102476,-16.16,29.72,64.7,1.37,10.2,65.5,-16.8
28116738,-16.10,28.88,65.0,1.37,10.1,65.8,-16.7
28131000,-16.08,27.68,65.3,1.37,9.8,66.1,-16.6
28145262,-16.04,26.99,65.6,1.37,9.6,66.3,-16.6
28159524,-16.01,25.68,65.9,1.38,9.3,66.5,-16.4
28173786,-15.98,24.67,66.2,1.38,9.0,66.8,-16.3
28188048,-15.98,23.55,66.4,1.38,8.6,67.0,-16.0
28202310,-15.96,22.57,66.6,1.38,8.4,67.2,-15.9
28216572,-15.90,21.30,67.0,1.38,8.0,67.5,-15.7
28230834,-15.91,20.50,67.1,1.38,7.7,67.6,-15.5
28245096,-15.87,19.60,67.4,1.38,7.5,67.8,-15.4
28259358,-15.83,18.16,67.7,1.39,7.0,68.1,-15.1
28273620,-15.81,17.46,67.9,1.39,6.8,68.2,-14.9
28287882,-15.82,16.39,68.0,1.39,6.4,68.3,-14.6
28302144,-15.75,15.81,68.3,1.39,6.2,68.6,-14.5
28316406,-15.73,14.46,68.5,1.39,5.7,68.8,-14.2
28330668,-15.73,13.33,68.7,1.39,5.3,68.9,-13.9
28344930,-15.70,12.61,68.8,1.39,5.1,69.0,-13.7
28359192,-15.63,11.29,69.2,1.40,4.6,69.3,-13.4
28373454,-15.58,10.57,69.4,1.40,4.4,69.5,-13.2
28387716,-15.57,9.62,69.5,1.40,4.0,69.6,-12.9
28401978,-15.58,8.48,69.6,1.40,3.5,69.7,-12.5
28416240,-15.54,7.58,69.8,1.40,3.2,69.9,-12.2
28430502,-15.51,6.52,69.9,1.40,2.7,70.0,-11.9
28444764,-15.47,5.46,70.1,1.40,2.3,70.1,-11.5
28459026,-15.45,4.65,70.2,1.41,2.0,70.2,-11.2
28473288,-15.37,3.41,70.5,1.41,1.5,70.5,-10.8
28487550,-15.32,2.29,70.6,1.41,1.0,70.7,-10.5
28501812,-15.36,1.47,70.6,1.41,0.6,70.6,-10.0
28516074,-15.32,0.11,70.7,1.41,0.0,70.7,-9.6
28530336,-15.26,-0.78,70.8,1.42,-0.3,70.8,-9.2
28544598,-15.19,-1.86,71.0,1.42,-0.8,71.0,-8.8
28558860,-15.21,-2.62,71.0,1.42,-1.2,71.0,-8.4
28573122,-15.19,-3.52,71.0,1.42,-1.6,71.0,-8.0
28587384,-15.15,-4.87,71.0,1.42,-2.2,71.1,-7.5
28601646,-15.04,-5.86,71.3,1.43,-2.7,71.4,-7.1
28615908,-15.06,-6.59,71.2,1.43,-3.0,71.3,-6.7
28630170,-15.06,-8.05,71.1,1.43,-3.6,71.2,-6.0
28644432,-15.03,-8.79,71.1,1.43,-4.0,71.2,-5.6
28658694,-14.98,-9.81,71.1,1.43,-4.5,71.3,-5.2
28672956,-14.94,-10.94,71.1,1.44,-5.0,71.3,-4.6
28687218,-14.90,-11.90,71.1,1.44,-5.4,71.3,-4.1
28701480,-14.84,-12.74,71.2,1.44,-5.9,71.4,-3.7
28715742,-14.82,-14.05,71.0,1.44,-6.5,71.3,-3.1
28730004,-14.76,-14.70,71.1,1.45,-6.8,71.4,-2.7
28744266,-14.75,-16.19,70.9,1.45,-7.5,71.3,-2.0
28758528,-14.77,-16.93,70.7,1.45,-7.8,71.1,-1.5
28772790,-14.69,-17.65,70.7,1.45,-8.2,71.2,-1.1
28787052,-14.66,-18.88,70.6,1.45,-8.8,71.1,-0.5
28801314,-14.64,-19.53,70.5,1.45,-9.0,71.1,-0.0
28815576,-14.56,-20.90,70.4,1.46,-9.7,71.0,0.7
28829838,-14.59,-21.72,70.1,1.46,-10.0,70.8,1.1
28844100,-14.54,-22.61,70.0,1.46,-10.5,70.8,1.7
28858362,-14.48,-23.54,69.9,1.47,-10.9,70.8,2.2
28872624,-14.50,-24.78,69.5,1.46,-11.4,70.5,2.8
28886886,-14.42,-25.40,69.6,1.47,-11.8,70.6,3.3
28901148,-14.40,-26.52,69.3,1.47,-12.2,70.4,3.9
28915410,-14.40,-27.56,69.0,1.47,-12.6,70.1,4.5
28929672,-14.33,-28.51,68.9,1.48,-13.1,70.1,5.0
28943934,-14.31,-29.44,68.6,1.48,-13.5,69.9,5.6
28958196,-14.26,-30.61,68.4,1.48,-14.0,69.8,6.2
28972458,-14.26,-31.53,68.0,1.48,-14.3,69.5,6.8
28986720,-14.17,-32.54,67.9,1.49,-14.9,69.5,7.4
29000982,-14.19,-33.57,67.5,1.49,-15.1,69.2,7.9
29015244,-14.15,-34.44,67.2,1.49,-15.5,69.0,8.4
29029506,-14.12,-35.31,67.0,1.49,-15.8,68.8,9.0
29043768,-14.09,-36.53,66.6,1.49,-16.3,68.5,9.6
29058030,-14.07,-37.37,66.3,1.49,-16.6,68.4,10.1
29072292,-14.02,-38.33,66.0,1.50,-17.0,68.2,10.7
29086554,-13.97,-39.17,65.8,1.50,-17.3,68.0,11.2
29100816,-13.92,-40.21,65.4,1.50,-17.7,67.8,11.7
29115078,-13.93,-41.32,65.0,1.50,-18.0,67.4,12.3
29129340,-13.88,-42.18,64.7,1.51,-18.3,67.3,12.8
29143602,-13.86,-43.12,64.3,1.51,-18.6,67.0,13.3
29157864,-13.81,-44.04,64.0,1.51,-18.9,66.8,13.8
29172126,-13.78,-44.83,63.7,1.51,-19.2,66.6,14.3
29186388,-13.74,-45.94,63.3,1.52,-19.5,66.3,14.8
29200650,-13.70,-46.52,63.1,1.52,-19.8,66.1,15.2
29214912,-13.68,-47.63,62.7,1.52,-20.0,65.8,15.7
29229174,-13.67,-48.39,62.3,1.52,-20.2,65.5,16.1
29243436,-13.61,-49.41,61.9,1.53,-20.5,65.3,16.7
29257698,-13.56,-50.19,61.6,1.53,-20.8,65.1,17.1
29271960,-13.54,-51.24,61.2,1.53,-21.0,64.7,17.6
29286222,-13.47,-51.96,60.9,1.54,-21.3,64.6,18.0
29300484,-13.46,-52.73,60.6,1.54,-21.5,64.3,18.4
29314746,-13.42,-53.67,60.2,1.54,-21.7,64.0,18.8
29329008,-13.40,-54.29,59.9,1.54,-21.8,63.8,19.1
29343270,-13.36,-55.31,59.5,1.55,-22.0,63.4,19.6
29357532,-13.28,-56.07,59.2,1.55,-22.3,63.3,20.1
29371794,-13.25,-57.04,58.8,1.56,-22.5,62.9,20.5
29386056,-13.21,-57.82,58.4,1.56,-22.7,62.7,20.9
29400318,-13.18,-58.58,58.1,1.56,-22.8,62.4,21.2
29414580,-13.06,-59.35,57.8,1.57,-23.2,62.3,21.7
29428842,-13.09,-60.14,57.4,1.57,-23.2,61.9,21.9
29443104,-13.05,-60.92,57.0,1.57,-23.3,61.6,22.3
29457366,-12.97,-61.63,56.7,1.58,-23.6,61.4,22.7
29471628,-12.97,-62.30,56.4,1.58,-23.6,61.2,22.9
29485890,-12.91,-62.95,56.1,1.58,-23.8,61.0,23.2
29500152,-12.87,-63.71,55.8,1.59,-24.0,60.7,23.6
29514414,-12.80,-64.61,55.3,1.59,-24.2,60.4,23.9
29528676,-12.71,-65.31,55.0,1.60,-24.5,60.2,24.4
29542938,-12.69,-66.10,54.6,1.60,-24.5,59.9,24.6
29557200,-12.66,-66.91,54.3,1.61,-24.6,59.6,24.9
29571462,-12.61,-67.36,54.0,1.61,-24.7,59.4,25.1
29585724,-12.55,-67.94,53.8,1.62,-24.9,59.2,25.4
29599986,-12.52,-68.78,53.4,1.62,-24.9,58.9,25.7
29614248,-12.45,-69.51,53.0,1.63,-25.1,58.6,26.0
29628510,-12.43,-70.00,52.8,1.63,-25.1,58.4,26.2
29642772,-12.37,-70.85,52.3,1.63,-25.3,58.1,26.5
29657034,-12.31,-71.36,52.1,1.64,-25.4,57.9,26.7
29671296,-12.29,-72.05,51.7,1.64,-25.4,57.7,26.9
29685558,-12.25,-72.63,51.5,1.65,-25.5,57.4,27.1
29699820,-12.19,-73.34,51.1,1.65,-25.6,57.1,27.3
29714082,-12.14,-73.79,50.9,1.66,-25.7,57.0,27.6
29728344,-12.09,-74.37,50.6,1.66,-25.8,56.8,27.7
29742606,-12.04,-74.99,50.2,1.67,-25.9,56.5,27.9
29756868,-11.99,-75.67,49.9,1.67,-26.0,56.2,28.2
29771130,-11.95,-76.26,49.6,1.68,-26.0,56.0,28.3
29785392,-11.90,-76.72,49.3,1.68,-26.1,55.8,28.5
29799654,-11.87,-77.33,49.0,1.68,-26.1,55.6,28.6
29813916,-11.79,-77.93,48.7,1.69,-26.3,55.3,28.9
29828178,-11.72,-78.41,48.4,1.70,-26.4,55.1,29.1
29842440,-11.69,-78.91,48.2,1.70,-26.4,54.9,29.2
29856702,-11.65,-79.43,47.9,1.71,-26.4,54.7,29.3
29870964,-11.60,-79.97,47.6,1.71,-26.5,54.5,29.4
29885226,-11.53,-80.45,47.3,1.72,-26.6,54.3,29.6
29899488,-11.52,-81.19,47.0,1.72,-26.5,54.0,29.6
29913750,-11.46,-81.62,46.7,1.73,-26.6,53.8,29.8
29928012,-11.42,-82.06,46.5,1.73,-26.7,53.6,29.9
29942274,-11.37,-82.61,46.2,1.74,-26.7,53.3,30.0
29956536,-11.29,-83.04,45.9,1.75,-26.8,53.2,30.2
29970798,-11.28,-83.52,45.7,1.75,-26.8,53.0,30.2
29985060,-11.20,-83.85,45.4,1.76,-26.9,52.8,30.4
29999322,-11.19,-84.29,45.2,1.76,-26.9,52.6,30.3
